key	ticket	note
[A 狀態] §1 已選格 `panel-domain-cell-detail` x S3動畫	0.3.3-W3-392	W3-392 判讀：合理不出現
[A 狀態] §1 正常 · 泳道 `state-domain-swimlane` x S3動畫	0.3.3-W3-392	W3-392 判讀：合理不出現
[A 狀態] §1 泳道 · 尚未選定 UC `state-domain-swimlane-uc-unset` x S3動畫	0.3.3-W3-392	W3-392 判讀：合理不出現
[A 狀態] §1 泳道 · flow 未結構化 `state-domain-swimlane-unstructured` x S3動畫	0.3.3-W3-392	W3-392 判讀：合理不出現
[A 狀態] §1 不是框架專案 `state-domain-not-framework` x S3動畫	0.3.3-W3-392	W3-392 判讀：合理不出現
[A 狀態] §1 無可消費的型別表 `state-domain-schema-unconsumable` x S3動畫	0.3.3-W3-392	W3-392 判讀：合理不出現
[A 狀態] §1 schema 不相容 `state-domain-schema-incompatible` x S3動畫	0.3.3-W3-392	W3-392 判讀：合理不出現
[A 狀態] §2 無 UC `state-ucFlow-empty` x S3互動	0.3.3-W3-392	W3-392 判讀：合理不出現
[A 狀態] §3 鏈路斷裂 `state-traceability-broken` x S3互動	0.3.3-W3-392	W3-392 判讀：合理不出現
[A 狀態] §3 鏈路斷裂 `state-traceability-broken` x S3§2.7	0.3.3-W3-392	W3-392 判讀：合理不出現
[A 狀態] §3 鏈路斷裂 `state-traceability-broken` x S4§3.1	0.3.3-W3-392	W3-392 判讀：合理不出現
[A 狀態] §4 正常 · 列表 `state-tickets-list` x S3動畫	0.3.3-W3-392	W3-392 判讀：合理不出現
[A 狀態] §4 正常 · 主題 `state-tickets-topic` x S3動畫	0.3.3-W3-392	W3-392 判讀：合理不出現
[A 狀態] §4 無 ticket `state-tickets-empty` x S3互動	0.3.3-W3-392	W3-392 判讀：合理不出現
[A 狀態] §4 含損壞 `badge-tickets-corrupted` x S3動畫	0.3.3-W3-392	W3-392 判讀：合理不出現
[A 狀態] §4 含損壞 `badge-tickets-corrupted` x S4§3.1	0.3.3-W3-392	W3-392 判讀：合理不出現
[A 狀態] §5 有破洞 `state-gaps-found` x S3§2.7	0.3.3-W3-392	W3-392 判讀：合理不出現
[A 狀態] §5 有破洞 `state-gaps-found` x S4§3.1	0.3.3-W3-392	W3-392 判讀：合理不出現
[A 狀態] §5 無法判定破洞 `state-gaps-undeterminable` x S3動畫	0.3.3-W3-392	W3-392 判讀：合理不出現
[A 狀態] §5 無法判定破洞 `state-gaps-undeterminable` x S3§2.7	0.3.3-W3-392	W3-392 判讀：合理不出現
[A 狀態] §5 無法判定破洞 `state-gaps-undeterminable` x S4§3.1	0.3.3-W3-392	W3-392 判讀：合理不出現
[A 狀態] §6 部分損壞 `state-nodeDetail-partial` x S3§2.7	0.3.3-W3-392	W3-392 判讀：合理不出現
[A 狀態] §7 收合 `state-switcher-collapsed` x S3§2.7	0.3.3-W3-392	W3-392 判讀：合理不出現
[A 狀態] §7 展開 `state-switcher-expanded` x S3§2.7	0.3.3-W3-392	W3-392 判讀：合理不出現
[A 狀態] §7 無最近專案 `state-switcher-no-recent` x S3§2.7	0.3.3-W3-392	W3-392 判讀：合理不出現
[B SnackBar] `sourceFileStillMissingMessage` x S3§2.2	0.3.3-W3-392	W3-392 判讀：合理不出現
[B SnackBar] `scanCompleteNoGapsSnackbarMessage` x S3§3.x 任一節	0.3.3-W3-392	W3-392 判讀：合理不出現
[B SnackBar] `scanCompleteSnackbarMessage` x S3§3.x 任一節	0.3.3-W3-392	W3-392 判讀：合理不出現
[B SnackBar] `ticketsFiltersClearedSnackbarMessage` x S3§3.x 任一節	0.3.3-W3-392	W3-392 判讀：合理不出現
[B SnackBar] `undoAction` x S3§3.x 任一節	0.3.3-W3-392	W3-392 判讀：合理不出現
[C 錨點] `action-*-cancel-load` x S3任一	0.3.3-W3-392	W3-392 判讀：合理不出現
[C 錨點] `cell-domain-*` x S4任一	0.3.3-W3-392	W3-392 判讀：合理不出現
[C 錨點] `menu-tickets-filter-status` x S3互動	0.3.3-W3-392	W3-392 #45/46 真缺漏已由 W3-395 修；通式 * 涵蓋具體實例，腳本不展開通式
[C 錨點] `menu-tickets-filter-status` x S4任一	0.3.3-W3-392	W3-392 #45/46 真缺漏已由 W3-395 修；通式 * 涵蓋具體實例，腳本不展開通式
[C 錨點] `nav-item-domain` x S4任一	0.3.3-W3-392	W3-392 判讀：合理不出現
[C 錨點] `nav-item-gaps` x S3互動	0.3.3-W3-392	W3-392 判讀：合理不出現
[C 錨點] `nav-item-gaps` x S4任一	0.3.3-W3-392	W3-392 判讀：合理不出現
[C 錨點] `nav-item-tickets` x S3互動	0.3.3-W3-392	W3-392 判讀：合理不出現
[C 錨點] `nav-item-tickets` x S4任一	0.3.3-W3-392	W3-392 判讀：合理不出現
[C 錨點] `nav-item-ucFlow` x S3互動	0.3.3-W3-392	W3-392 判讀：合理不出現
[C 錨點] `nav-item-ucFlow` x S4任一	0.3.3-W3-392	W3-392 判讀：合理不出現
[C 錨點] `nav-page-traceability` x S4任一	0.3.3-W3-392	W3-392 判讀：合理不出現
[C 錨點] `option-tickets-filter-status-all` x S3互動	0.3.3-W3-392	W3-392 #45/46 真缺漏已由 W3-395 修；通式 * 涵蓋具體實例，腳本不展開通式
[C 錨點] `option-tickets-filter-status-all` x S4任一	0.3.3-W3-392	W3-392 #45/46 真缺漏已由 W3-395 修；通式 * 涵蓋具體實例，腳本不展開通式
[C 錨點] `state-tickets-empty` x S3互動	0.3.3-W3-392	W3-392 判讀：合理不出現
[C 錨點] `state-traceability-broken` x S3互動	0.3.3-W3-392	W3-392 判讀：合理不出現
[C 錨點] `state-ucFlow-empty` x S3互動	0.3.3-W3-392	W3-392 判讀：合理不出現
